tiempo,Direct,Global,Difusa,Temperatura,Humedad,Presion,alturasolar,azimuth,prediccion,minutodia,me,mae,energia_wh/m2,energia_predicha_wh/m2,dif_energia_wh,dif_energia_wh_mae,porcentaje_mae,porcentaje_energia_daily,mae_daily,porcentaje_energia,mae_de_día_promedio,model
2019-12-31,233.00406043807078,257.6839071846461,69.32401148925038,23.79661384391864,55.55464472291408,876.1595604400167,-4.904507336284586e-05,0.15242481664182844,257.71931612470763,715.0,0.03540894006151403,1.3959100679345327,6181.946407762558,6182.796222324034,0.8498145614757959,33.501841630428785,0.7215846870323316,0.08445276803982844,1.3959100679345327,0.013746715118861257,2.800293341010835,train_seasonal_layers_3_3_1_out_s_6in_s_6_lr_0.0001_Global_BS24.h5
