model,tiempo,Direct,Global,Difusa,Temperatura,Humedad,Presion,alturasolar,azimuth,prediccion,minutodia,me,mae,energia_wh/m2,energia_predicha_wh/m2,dif_energia_wh,dif_energia_wh_mae,porcentaje_mae,porcentaje_energia_daily,mae_daily,E_d,Ep_d,DeltaE_d,Delta_E_abs_d,porcentaje_absoluto_energia_daily,mae_de_día_promedio,me_dia_promedio
train_seasonal_layers_3_3_1_out_s_6in_s_6_lr_1e-07_Global_BS6.h5,2019-12-31,233.00406043807095,257.68390718464616,69.32401148925038,23.79661384391864,55.55464472291407,876.159560440017,-4.9045073363950605e-05,0.1524248166418284,240.98383988676363,715,-17.18244230955605,46.90514488186583,6181.946407762559,5783.612157282325,-412.0046466457712,1125.3384042945886,19.19202206874389,-4.648536665134631,46.90514488186583,6181.946407762559,5783.612157282325,-412.0046466457712,1125.3384042945886,19.19202206874389,93.49101026349553,-34.87108350929443
train_seasonal_layers_3_3_1_out_s_6in_s_6_lr_1e-07_Global_BS12.h5,,233.00406043807098,257.68390718464616,69.32401148925038,23.79661384391864,55.55464472291407,876.159560440017,-4.9045073363950605e-05,0.15242481664182844,242.76816462988742,715,-15.387643091882447,46.28897458907586,6181.946407762559,5826.435951117291,-368.9318569122855,1110.5488329252403,19.004468539068768,-4.035671960728822,46.28897458907586,6181.946407762559,5826.435951117291,-368.9318569122855,1110.5488329252403,19.004468539068768,92.25225612724223,-31.282339288695386
