tiempo,Direct,Global,Difusa,Temperatura,Humedad,Presion,alturasolar,azimuth,prediccion,minutodia,me,mae,energia_wh/m2,energia_predicha_wh/m2,dif_energia_wh,dif_energia_wh_mae,porcentaje_mae,porcentaje_energia_daily,mae_daily,E_d,Ep_d,DeltaE_d,Delta_E_abs_d,porcentaje_absoluto_energia_daily,mae_de_día_promedio,me_dia_promedio,model
2019-12-31,233.00406043807078,257.6839071846461,69.32401148925038,23.79661384391864,55.55464472291408,876.1595604400167,-4.904507336284586e-05,0.15242481664182844,255.7376666086911,715.0,-1.946240575955012,5.994098730623777,6181.946407762558,6135.236633939637,-46.70977382292029,143.85836953497062,2.4483288769735814,-0.5980937813372269,5.994098730623777,6181.946407762558,6135.236633939637,-46.70977382292029,143.85836953497062,2.4483288769735814,12.003902618471903,-3.9249383342039668,train_seasonal_layers_3_3_1_out_s_6in_s_6_lr_0.0001_Global_BS24.h5
