tiempo,Direct,Global,Difusa,Temperatura,Humedad,Presion,alturasolar,azimuth,prediccion,minutodia,me,mae,energia_wh/m2,energia_predicha_wh/m2,dif_energia_wh,dif_energia_wh_mae,porcentaje_mae,porcentaje_energia_daily,mae_daily,porcentaje_energia,mae_de_día_promedio,model
2019-12-31,233.00406043807078,257.6839071846461,69.32401148925038,23.79661384391864,55.55464472291408,876.1595604400167,-4.904507336284586e-05,0.15242481664182844,254.5657132243094,715.0,-3.682954859966666,41.448058019968904,6181.946407762558,6109.5771173834255,-72.36929037913251,994.4355571753932,17.373779384927875,0.9794007567452292,41.448058019968904,-1.170655415068945,82.53211347637314,train_seasonal_layers_3_3_1_out_s_6in_s_6_lr_0.0001_Global_BS12.h5
