tiempo,Direct,Global,Difusa,Temperatura,Humedad,Presion,alturasolar,azimuth,prediccion,minutodia,me,mae,energia_wh/m2,energia_predicha_wh/m2,dif_energia_wh,dif_energia_wh_mae,porcentaje_mae,porcentaje_energia_daily,mae_daily,E_d,Ep_d,DeltaE_d,Delta_E_abs_d,porcentaje_absoluto_energia_daily,mae_de_día_promedio,me_dia_promedio,model
2019-12-31,233.00458032011034,257.889781594844,69.49838806839803,23.801579407084546,55.55003855853051,876.1502087942783,-4.904507336387274e-05,0.152424816641828,252.26061549196686,715.0,-5.616855632982661,40.740956271760176,6186.887393607306,6054.254771807205,-134.5023704085903,977.4658887583188,17.333779878309056,0.24087573054487801,40.740956271760176,6186.887393607306,6054.254771807205,-134.5023704085903,977.4658887583188,17.333779878309056,81.02475122776274,-11.557547232006183,train_seasonal_layers_1_1_1_out_s_6in_s_6_lr_0.0001_Global_BS24.h5
